{
  "project_info": {
    "project_number": "508481470085",
    "firebase_url": "https://my-application-e9489.firebaseio.com",
    "project_id": "my-application-e9489",
    "storage_bucket": "my-application-e9489.appspot.com"
  },
  "client": [
    {
      "client_info": {
        "mobilesdk_app_id": "1:508481470085:android:74e631454c96c5699e73ec",
        "android_client_info": {
          "package_name": "com.example.sbs.myapplication"
        }
      },
      "oauth_client": [
        {
          "client_id": "508481470085-e55djf6pdcoa1mm8drotsiksgbpa01cd.apps.googleusercontent.com",
          "client_type": 1,
          "android_info": {
            "package_name": "com.example.sbs.myapplication",
            "certificate_hash": "4f5c823f897903e3b9216d756902da34c6f7bcbf"
          }
        },
        {
          "client_id": "508481470085-pd7u9k1gpfvb1m20t6cfandqti074onn.apps.googleusercontent.com",
          "client_type": 3
        }
      ],
      "api_key": [
        {
          "current_key": "AIzaSyD88Tw4FkXzxg786qQKhl9OhOXmYwm2Qrg"
        }
      ],
      "services": {
        "appinvite_service": {
          "other_platform_oauth_client": [
            {
              "client_id": "508481470085-pd7u9k1gpfvb1m20t6cfandqti074onn.apps.googleusercontent.com",
              "client_type": 3
            }
          ]
        }
      }
    }
  ],
  "configuration_version": "1"
}